E,Tau,Trate,nok,TrainRsq,TestRsq,TrainRmse,TestRmse
9,8,0.6,10,0.941086,0.909331,8.533846,8.569392
9,8,0.6,11,0.940954,0.909162,8.543411,8.577374
9,8,0.6,12,0.940761,0.909097,8.557314,8.580468
9,8,0.6,13,0.940787,0.909065,8.555463,8.581958
