E,Tau,Trate,nok,TrainRsq,TestRsq,TrainRmse,TestRmse
9,8,0.6,10,0.846307,0.800726,13.805053,12.207279
9,8,0.6,11,0.922043,0.899464,9.831906,8.670714
9,8,0.6,12,0.962920,0.931737,6.780837,7.144731
9,8,0.6,13,0.948747,0.918780,7.972021,7.793353
