E,Tau,Trate,nok,TrainRsq,TestRsq,TrainRmse,TestRmse
9,8,0.6,10,0.961012,0.915445,6.619020,7.678588
9,8,0.6,11,0.678561,0.817987,19.005370,11.265800
9,8,0.6,12,0.960739,0.915095,6.642116,7.694444
9,8,0.6,13,0.961758,0.916409,6.555391,7.634669
