E,Tau,Trate,nok,TrainRsq,TestRsq,TrainRmse,TestRmse
9,9,0.6,10,0.952286,0.893762,7.366588,8.892818
9,9,0.6,11,0.949273,0.891148,7.595638,9.001556
9,9,0.6,12,0.932946,0.884338,8.732839,9.278856
9,9,0.6,13,0.946806,0.887624,7.778153,9.146081
