E,Tau,Trate,nok,TrainRsq,TestRsq,TrainRmse,TestRmse
9,8,0.6,10,0.944604,0.930133,8.202237,7.386291
9,8,0.6,11,0.945667,0.931701,8.123105,7.302932
9,8,0.6,12,0.222899,0.380032,30.720643,22.002595
9,8,0.6,13,0.920430,0.919143,9.830309,7.945980
