E,Tau,Trate,nok,TrainRsq,TestRsq,TrainRmse,TestRmse
9,11,0.6,10,0.934282,0.893482,9.613598,9.006659
9,11,0.6,11,0.934321,0.893507,9.610748,9.005583
9,11,0.6,12,0.934308,0.893499,9.611725,9.005931
9,11,0.6,13,0.934311,0.893502,9.611531,9.005818
