E,Tau,Trate,nok,TrainRsq,TestRsq,TrainRmse,TestRmse
9,8,0.6,10,0.918470,0.888013,9.712882,9.374490
9,8,0.6,11,0.918523,0.888033,9.709717,9.373646
9,8,0.6,12,0.918511,0.888028,9.710444,9.373861
9,8,0.6,13,0.918509,0.888026,9.710537,9.373928
