E,Tau,Trate,nok,TrainRsq,TestRsq,TrainRmse,TestRmse
9,8,0.6,10,0.923286,0.910767,8.932206,7.774446
9,8,0.6,11,0.931940,0.914625,8.413341,7.604534
9,8,0.6,12,0.948813,0.919104,7.296263,7.402375
9,8,0.6,13,0.948717,0.918452,7.303078,7.432139
