E,Tau,Trate,nok,TrainRsq,TestRsq,TrainRmse,TestRmse
7,2,0.8,10,0.677502,0.447754,0.030084,0.024393
7,2,0.8,11,0.715962,0.472692,0.028233,0.023836
7,2,0.8,12,0.639787,0.337108,0.031794,0.026726
7,2,0.8,13,0.681514,0.411517,0.029896,0.025181
7,2,0.8,14,0.709165,0.422886,0.028569,0.024937
7,2,0.8,15,0.667320,0.458605,0.030555,0.024153
