E,Tau,Trate,nok,TrainRsq,TestRsq,TrainRmse,TestRmse
7,2,0.8,10,0.449401,0.334998,0.117805,0.139339
7,2,0.8,11,0.456875,0.362753,0.117003,0.136401
7,2,0.8,12,0.459531,0.210192,0.116716,0.151853
7,2,0.8,13,0.466685,0.373552,0.115941,0.135240
7,2,0.8,14,0.468612,0.377554,0.115732,0.134807
7,2,0.8,15,0.473447,0.102726,0.115204,0.161855
