E,Tau,Trate,nok,TrainRsq,TestRsq,TrainRmse,TestRmse
7,10,0.8,10,0.641852,0.614233,0.078072,0.062502
7,10,0.8,11,0.620372,-0.650640,0.080379,0.129288
7,10,0.8,12,0.613102,0.588875,0.081145,0.064524
7,10,0.8,13,0.647597,-0.287338,0.077443,0.114177
7,10,0.8,14,0.629202,0.545199,0.079438,0.067865
7,10,0.8,15,0.648566,0.637462,0.077336,0.060591
