E,Tau,Trate,nok,TrainRsq,TestRsq,TrainRmse,TestRmse
7,2,0.8,10,0.772192,0.497284,0.068373,0.080092
7,2,0.8,11,0.766009,0.499422,0.069295,0.079922
7,2,0.8,12,0.725945,0.533831,0.074993,0.077126
7,2,0.8,13,0.738612,0.517762,0.073239,0.078444
7,2,0.8,14,0.710380,0.518730,0.077093,0.078365
7,2,0.8,15,0.718132,0.499210,0.076054,0.079939
