E,Tau,Trate,nok,TrainRsq,TestRsq,TrainRmse,TestRmse
7,2,0.8,10,0.680168,0.419745,18.572181,14.794938
7,2,0.8,11,0.754076,0.440714,16.285555,14.525155
7,2,0.8,12,0.758312,0.410093,16.144681,14.917478
7,2,0.8,13,0.771546,0.434801,15.696445,14.601724
7,2,0.8,14,0.755605,0.452798,16.234839,14.367382
7,2,0.8,15,0.766717,0.387605,15.861489,15.199160
