E,Tau,Trate,nok,TrainRsq,TestRsq,TrainRmse,TestRmse
7,2,0.8,10,0.663627,0.443655,18.168272,16.187839
7,2,0.8,11,0.656797,0.477587,18.351785,15.686414
7,2,0.8,12,0.743853,0.506425,15.854309,15.247308
7,2,0.8,13,0.727710,0.486384,16.346286,15.553775
7,2,0.8,14,0.713176,0.460016,16.776873,15.948028
7,2,0.8,15,0.756775,0.452653,15.449237,16.056386
