E,Tau,Trate,nok,TrainRsq,TestRsq,TrainRmse,TestRmse
7,2,0.8,10,0.600307,0.423981,19.050540,16.361461
7,2,0.8,11,0.720024,0.462573,15.944255,15.803860
7,2,0.8,12,0.616720,0.421549,18.655279,16.395965
7,2,0.8,13,0.708656,0.457465,16.264721,15.878794
7,2,0.8,14,0.771169,0.431104,14.414553,16.259979
7,2,0.8,15,0.727384,0.440797,15.733292,16.120868
