E,Tau,Trate,nok,TrainRsq,TestRsq,TrainRmse,TestRmse
7,2,0.8,10,0.656326,0.396770,19.555559,15.394503
7,2,0.8,11,0.659318,0.427067,19.470249,15.002934
7,2,0.8,12,0.693376,0.334248,18.471411,16.172627
7,2,0.8,13,0.716417,0.162662,17.763840,18.137383
7,2,0.8,14,0.696410,0.391662,18.379815,15.459549
7,2,0.8,15,0.640149,0.248794,20.010520,17.179239
