E,Tau,Trate,nok,TrainRsq,TestRsq,TrainRmse,TestRmse
7,2,0.8,10,0.654006,0.386373,19.096646,15.645172
7,2,0.8,11,0.682429,0.357647,18.295476,16.007191
7,2,0.8,12,0.715139,0.277851,17.327639,16.972332
7,2,0.8,13,0.665248,0.373526,18.783859,15.808099
7,2,0.8,14,0.696813,0.409608,17.876325,15.346112
7,2,0.8,15,0.705946,0.353703,17.605014,16.056251
