E,Tau,Trate,nok,TrainRsq,TestRsq,TrainRmse,TestRmse
7,2,0.8,10,0.635839,0.345259,19.930633,15.773057
7,2,0.8,11,0.665510,0.368065,19.101454,15.495919
7,2,0.8,12,0.648925,0.352556,19.569266,15.684914
7,2,0.8,13,0.698214,0.361581,18.143624,15.575212
7,2,0.8,14,0.669007,0.400471,19.001337,15.093369
7,2,0.8,15,0.697034,0.364809,18.179059,15.535781
