E,Tau,Trate,nok,TrainRsq,TestRsq,TrainRmse,TestRmse
7,2,0.8,10,0.670967,0.395722,16.275941,14.862136
7,2,0.8,11,0.677566,0.433245,16.111898,14.393304
7,2,0.8,12,0.726424,0.443046,14.841065,14.268309
7,2,0.8,13,0.687140,0.395787,15.870891,14.861329
7,2,0.8,14,0.742047,0.461681,14.411084,14.027579
7,2,0.8,15,0.677530,0.415546,16.112793,14.616319
