E,Tau,Trate,nok,TrainRsq,TestRsq,TrainRmse,TestRmse
7,2,0.8,10,0.638398,0.440314,18.032713,16.095405
7,2,0.8,11,0.650171,0.404265,17.736715,16.605675
7,2,0.8,12,0.647037,0.314085,17.815998,17.818250
7,2,0.8,13,0.686049,0.422002,16.802597,16.356598
7,2,0.8,14,0.697879,0.423356,16.483000,16.337424
7,2,0.8,15,0.737668,0.432872,15.359292,16.202061
