E,Tau,Trate,nok,TrainRsq,TestRsq,TrainRmse,TestRmse
7,2,0.8,10,0.658920,0.427392,17.242881,14.689754
7,2,0.8,11,0.678508,0.460107,16.740438,14.263946
