E,Tau,Trate,nok,TrainRsq,TestRsq,TrainRmse,TestRmse
9,8,0.6,10,0.921446,0.923704,9.403165,7.563730
9,8,0.6,11,0.921498,0.923754,9.400007,7.561223
9,8,0.6,12,0.921501,0.923680,9.399829,7.564885
9,8,0.6,13,0.921572,0.923676,9.395615,7.565116
