E,Tau,Trate,nok,TrainRsq,TestRsq,TrainRmse,TestRmse
9,9,0.6,10,0.937665,0.884073,9.018538,9.872856
9,9,0.6,11,0.929716,0.880082,9.576344,10.041381
9,9,0.6,12,0.929903,0.879904,9.563584,10.048838
9,9,0.6,13,0.929889,0.880007,9.564497,10.044514
