E,Tau,Trate,nok,TrainRsq,TestRsq,TrainRmse,TestRmse
9,8,0.6,10,0.923041,0.912603,9.375522,7.129462
9,8,0.6,11,0.922899,0.912178,9.384148,7.146768
9,8,0.6,12,0.923013,0.912328,9.377200,7.140685
9,8,0.6,13,0.924629,0.912389,9.278293,7.138199
