E,Tau,Trate,nok,TrainRsq,TestRsq,TrainRmse,TestRmse
9,10,0.6,10,0.957717,0.892519,7.456805,8.777121
9,10,0.6,11,0.958296,0.892413,7.405550,8.781450
9,10,0.6,12,0.956827,0.891417,7.534867,8.821987
9,10,0.6,13,0.960071,0.893634,7.246236,8.731461
