E,Tau,Trate,nok,TrainRsq,TestRsq,TrainRmse,TestRmse
9,9,0.6,10,0.960127,0.908152,8.100166,8.923204
9,9,0.6,11,0.962842,0.913741,7.819468,8.647466
9,9,0.6,12,0.961826,0.913879,7.925650,8.640542
9,9,0.6,13,0.961928,0.914605,7.915108,8.604076
