E,Tau,Trate,nok,TrainRsq,TestRsq,TrainRmse,TestRmse
9,9,0.6,10,0.959673,0.911511,6.996146,7.973141
9,9,0.6,11,0.958335,0.910606,7.111321,8.013795
9,9,0.6,12,0.957771,0.904884,7.159240,8.266294
9,9,0.6,13,0.958151,0.908279,7.126975,8.117443
