E,Tau,Trate,nok,TrainRsq,TestRsq,TrainRmse,TestRmse
9,8,0.6,10,0.933580,0.901620,9.502369,8.664041
9,8,0.6,11,0.942175,0.904191,8.866303,8.550068
9,8,0.6,12,0.942145,0.904031,8.868626,8.557234
9,8,0.6,13,0.932208,0.898578,9.600055,8.796955
