E,Tau,Smoothness
9,3,0.378180
9,4,0.428619
