E,Tau,Smoothness
9,3,0.421797
9,4,0.469294
9,5,0.488606
9,6,0.491305
9,7,0.526962
9,8,0.481199
9,9,0.535141
10,3,0.503684
10,4,0.535851
10,5,0.562073
10,6,0.559071
10,7,0.594649
10,8,0.562971
10,9,0.601263
11,3,0.562312
11,4,0.589886
11,5,0.622937
11,6,0.615253
11,7,0.646447
11,8,0.615869
11,9,0.648832
