E,Tau,Smoothness
6,1,-0.644601
6,2,-0.152227
6,3,0.040865
6,4,0.124713
6,5,0.153695
6,6,0.166003
6,7,0.205949
6,8,0.175447
6,9,0.202005
6,10,0.201320
6,11,0.207403
6,12,0.188171
7,1,-0.255079
7,2,0.139740
7,3,0.278504
7,4,0.335257
7,5,0.348650
7,6,0.355950
7,7,0.391885
7,8,0.367324
7,9,0.390126
7,10,0.397056
7,11,0.381131
7,12,0.375108
8,1,-0.009045
8,2,0.294275
8,3,0.418633
8,4,0.460973
8,5,0.457328
8,6,0.468472
8,7,0.504369
