E,Tau,Smoothness
9,3,0.482005
9,4,0.511964
9,5,0.526584
9,6,0.528560
9,7,0.558956
9,8,0.531934
9,9,0.561014
10,3,0.552519
10,4,0.573823
10,5,0.593107
10,6,0.585474
10,7,0.617104
10,8,0.594283
10,9,0.620558
11,3,0.604397
11,4,0.626110
11,5,0.638992
11,6,0.634075
11,7,0.657176
11,8,0.638998
11,9,0.662254
