E,Tau,Smoothness
6,1,-0.010914
6,2,0.099189
6,3,0.175128
6,4,0.226362
6,5,0.262249
6,6,0.269723
6,7,0.295305
6,8,0.275713
6,9,0.297690
6,10,0.290108
6,11,0.291758
6,12,0.277992
7,1,0.097847
7,2,0.202903
7,3,0.290492
7,4,0.363856
7,5,0.391842
7,6,0.385775
7,7,0.422311
7,8,0.406674
7,9,0.429577
7,10,0.426405
7,11,0.429829
7,12,0.429071
8,1,0.155839
8,2,0.310640
8,3,0.411777
8,4,0.459665
8,5,0.488757
8,6,0.492968
8,7,0.521803
