E,Tau,Smoothness
9,3,0.448615
9,4,0.481214
9,5,0.509379
9,6,0.482508
9,7,0.494090
10,3,0.462248
10,4,0.510927
10,5,0.457918
10,6,0.462730
10,7,0.472082
11,3,0.472811
11,4,0.496513
11,5,0.517981
11,6,0.500263
