E,Tau,Smoothness
6,1,0.285146
6,2,0.378505
6,3,0.351913
6,4,0.358389
6,5,0.398730
6,6,0.377689
6,7,0.390496
6,8,0.376220
6,9,0.392817
6,10,0.390273
6,11,0.380574
6,12,0.365314
7,1,0.355446
7,2,0.393549
7,3,0.426652
7,4,0.447631
7,5,0.426070
7,6,0.459944
7,7,0.450964
7,8,0.428277
7,9,0.452368
7,10,0.447188
7,11,0.457514
7,12,0.447076
8,1,0.377617
8,2,0.431265
8,3,0.478631
8,4,0.498217
8,5,0.493832
8,6,0.502746
