E,Tau,Smoothness
6,1,0.301222
6,2,0.410280
6,3,0.380233
6,4,0.379471
6,5,0.426562
6,6,0.393472
6,7,0.406117
6,8,0.398605
6,9,0.414848
6,10,0.400249
6,11,0.389834
6,12,0.388312
7,1,0.403294
7,2,0.419274
7,3,0.432218
7,4,0.461484
7,5,0.446685
7,6,0.478285
7,7,0.469838
7,8,0.446533
7,9,0.472485
7,10,0.469429
7,11,0.473084
7,12,0.474156
8,1,0.395827
8,2,0.448711
8,3,0.483352
8,4,0.511487
