E,Tau,Smoothness
1,1,-695670356335813.375000
1,2,-695670356335813.375000
2,1,-32592274907791.773438
2,2,-38248160293242.640625
3,1,-4.020028
3,2,-140778732127.423035
4,1,-1.355494
4,2,-1.099310
5,1,-0.573672
5,2,-0.409035
6,1,-0.139529
6,2,-0.014323
7,1,0.106754
7,2,0.164392
8,1,0.203980
8,2,0.306533
9,1,0.321840
9,2,0.421385
2,0.459570
