E,Tau,Smoothness
2,1,0.182134
2,2,0.582987
