Accuracy,0.968087
Precision,0.957786
Recall,0.994481
F1,0.975788
Precision,0.989137
Recall,0.919786
F1,0.953202
