Accuracy,0.989518
Precision,0.99375
Recall,0.990654
F1,0.9922
Precision,0.980892
Recall,0.987179
F1,0.984026
