Accuracy,0.850514
Precision,0.984678
Recall,0.826076
F1,0.898431
Precision,0.576358
Recall,0.948475
F1,0.717011
