Accuracy,0.979635
Precision,0.973421
Recall,0.99616
F1,0.984659
Precision,0.992332
Recall,0.948107
F1,0.969716
