Accuracy,0.975016
Precision,0.977486
Recall,0.985188
F1,0.981322
Precision,0.969968
Recall,0.954717
F1,0.962282
