Accuracy,0.979425
Precision,0.973734
Recall,0.995524
F1,0.984508
Precision,0.991054
Recall,0.948624
F1,0.969375
