Accuracy,0.973756
Precision,0.977486
Recall,0.983328
F1,0.980398
Precision,0.966134
Recall,0.954545
F1,0.960305
