Accuracy,0.979215
Precision,0.97217
Recall,0.996794
F1,0.984328
Precision,0.99361
Recall,0.945864
F1,0.969149
