Accuracy,0.979845
Precision,0.984053
Recall,0.985902
F1,0.984977
Precision,0.971246
Recall,0.967537
F1,0.969388
