Accuracy,0.975226
Precision,0.968105
Recall,0.994859
F1,0.9813
Precision,0.989776
Recall,0.938219
F1,0.963308
