Accuracy,0.757296
Precision,0.746717
Recall,0.873446
F1,0.805125
Precision,0.778914
Recall,0.600789
F1,0.678353
