E,Tau,Trate,nok,TrainRsq,TestRsq,TrainRmse,TestRmse
9,5,0.5,10,-65392934064.111816,-193595417144.872467,25262843.550461,35729091.653981
